INSERT INTO base_time_entity
    (id)
VALUES (5),
       (6),
       (7),
       (8),
       (9),
       (10),
       (11),
       (12),
       (13),
       (14),
       (15),
       (16),
       (17),
       (18),
       (19),
       (20),
       (21),
       (22),
       (23),
       (24),
       (25),
       (26),
       (27),
       (28),
       (29),
       (30),
       (31),
       (32),
       (33),
       (34),
       (35),
       (36),
       (37),
       (38),
       (39),
       (40),
       (41),
       (42),
       (43),
       (44),
       (45),
       (46),
       (47),
       (48),
       (49),
       (50),
       (51),
       (52),
       (53),
       (54),
       (55),
       (56),
       (57),
       (58),
       (59),
       (60),
       (61),
       (62),
       (63),
       (64);

INSERT INTO products
    (id, title, product_price_id)
VALUES (5, 'sour cream', 45),
       (6, 'onion', 46),
       (7, 'tomato', 47),
       (8, 'potato', 48),
       (9, 'oil', 49),
       (10, 'pasta', 50),
       (11, 'banana', 51),
       (12, 'orange', 52),
       (13, 'chicken', 53),
       (14, 'milk', 54),
       (15, 'pork meat', 55),
       (16, 'tea', 56),
       (17, 'water', 57),
       (18, 'energy drink', 58),
       (19, 'salt', 59),
       (20, 'bread', 60),
       (21, 'sunflower oil', 61),
       (22, 'croissants', 62),
       (23, 'curd', 63),
       (24, 'cheese', 64);

INSERT INTO prices
    (id, cost)
VALUES (25, 30100),
       (26, 3200),
       (27, 2300),
       (28, 34500),
       (29, 3330),
       (30, 100),
       (31, 223300),
       (32, 122300),
       (33, 12200),
       (34, 1223200),
       (35, 23440),
       (36, 9999),
       (37, 9900),
       (38, 6660),
       (39, 444400),
       (40, 60999),
       (41, 36006),
       (42, 76700),
       (43, 440),
       (44, 66650);

INSERT INTO products_prices
    (id, price_id, product_id)
VALUES (45, 25, 5),
       (46, 26, 6),
       (47, 27, 7),
       (48, 28, 8),
       (49, 29, 9),
       (50, 30, 10),
       (51, 31, 11),
       (52, 32, 12),
       (53, 33, 13),
       (54, 34, 14),
       (55, 35, 15),
       (56, 36, 16),
       (57, 37, 17),
       (58, 38, 18),
       (59, 39, 19),
       (60, 40, 20),
       (61, 41, 21),
       (62, 42, 22),
       (63, 43, 23),
       (64, 44, 24);